City_ID,City,Lat,Lng,Max Temp,Humidity,Cloudiness,Wind Speed,Country,Date
0,severo-kurilsk,50.6789,156.125,0.17000000000001592,63,99,9.43,RU,2022-11-29 03:29:34
1,narsaq,60.9167,-46.05,2.1200000000000045,99,100,1.22,GL,2022-11-29 03:32:43
2,kavieng,-2.5744,150.7967,29.660000000000025,58,14,3.03,PG,2022-11-29 03:32:03
3,kruisfontein,-34.0033,24.7314,14.939999999999998,84,43,2.37,ZA,2022-11-29 03:32:43
4,mataura,-46.1927,168.8643,15.270000000000039,72,100,2.19,NZ,2022-11-29 03:30:07
5,cabo san lucas,22.8909,-109.9124,22.510000000000048,70,0,3.58,MX,2022-11-29 03:30:15
6,dongsheng,39.8161,109.9776,-17.099999999999966,20,100,8.8,CN,2022-11-29 03:33:59
7,puerto ayora,-0.7393,-90.3518,21.420000000000016,88,45,1.79,EC,2022-11-29 03:30:31
8,sitka,57.0531,-135.33,-1.0600000000000023,59,100,3.09,US,2022-11-29 03:34:00
9,san buenaventura,27.0833,-101.5333,18.600000000000023,33,0,0.67,MX,2022-11-29 03:34:00
10,new norfolk,-42.7826,147.0587,17.620000000000005,50,80,1.34,AU,2022-11-29 03:33:30
11,kapaa,22.0752,-159.319,23.99000000000001,95,100,5.14,US,2022-11-29 03:30:12
12,hilo,19.7297,-155.09,25.140000000000043,93,100,3.09,US,2022-11-29 03:34:01
13,ferkessedougou,9.6,-5.2,21.5,40,56,0.58,CI,2022-11-29 03:34:01
14,tutoia,-2.7619,-42.2744,25.260000000000048,85,100,4.21,BR,2022-11-29 03:34:01
15,ushuaia,-54.8,-68.3,4.810000000000002,87,100,14.92,AR,2022-11-29 03:31:38
16,taksimo,56.3444,114.8794,-25.859999999999985,75,94,0.84,RU,2022-11-29 03:34:02
17,yulara,-25.2406,130.9889,28.480000000000018,22,0,4.69,AU,2022-11-29 03:34:02
18,sorland,67.667,12.6934,7.920000000000016,71,100,2.68,NO,2022-11-29 03:29:54
19,palmer,42.1584,-72.3287,4.340000000000032,81,20,4.12,US,2022-11-29 03:34:03
20,lampazos de naranjo,27.0167,-100.5167,18.210000000000036,78,0,3.96,MX,2022-11-29 03:34:03
21,butaritari,3.0707,172.7902,27.360000000000014,75,100,3.82,KI,2022-11-29 03:34:04
22,kodiak,57.79,-152.4072,-1.2699999999999818,86,75,5.66,US,2022-11-29 03:33:18
23,bintulu,3.1667,113.0333,27.230000000000018,88,20,0.0,MY,2022-11-29 03:34:04
24,ponta do sol,32.6667,-17.1,19.350000000000023,74,20,2.32,PT,2022-11-29 03:31:47
25,nikolskoye,59.7035,30.7861,-3.0600000000000023,97,100,1.76,RU,2022-11-29 03:31:39
26,whyalla,-33.0333,137.5833,19.33000000000004,53,1,7.25,AU,2022-11-29 03:30:10
27,ilulissat,69.2167,-51.1,-7.989999999999952,49,75,0.0,GL,2022-11-29 03:34:05
28,kidal,18.4411,1.4078,21.07000000000005,24,97,3.16,ML,2022-11-29 03:34:05
29,coihaique,-45.5752,-72.0662,13.970000000000027,72,75,4.63,CL,2022-11-29 03:33:32
30,mahebourg,-20.4081,57.7,26.25,83,75,2.57,MU,2022-11-29 03:32:13
31,srednekolymsk,67.45,153.6833,-24.819999999999965,98,100,4.11,RU,2022-11-29 03:34:06
32,aklavik,68.2191,-135.0107,-31.529999999999973,95,17,2.89,CA,2022-11-29 03:34:07
33,cidreira,-30.1811,-50.2056,20.730000000000018,86,29,6.74,BR,2022-11-29 03:33:22
34,vaini,-21.2,-175.2,28.090000000000032,83,75,4.12,TO,2022-11-29 03:34:07
35,avarua,-21.2078,-159.775,26.03000000000003,73,40,5.14,CK,2022-11-29 03:34:08
36,bluff,-46.6,168.3333,15.450000000000045,90,100,4.52,NZ,2022-11-29 03:30:12
37,dikson,73.5069,80.5464,-19.329999999999984,100,72,1.65,RU,2022-11-29 03:29:55
38,busselton,-33.65,115.3333,27.710000000000036,31,0,2.7,AU,2022-11-29 03:34:09
39,ibipeba,-11.6408,-42.0111,19.200000000000045,97,100,1.29,BR,2022-11-29 03:34:09
40,lebu,-37.6167,-73.65,13.410000000000025,89,99,6.24,CL,2022-11-29 03:34:10
41,qaanaaq,77.484,-69.3632,-24.119999999999976,91,49,3.08,GL,2022-11-29 03:34:10
42,waycross,31.2136,-82.354,12.03000000000003,94,0,0.0,US,2022-11-29 03:34:10
43,hermanus,-34.4187,19.2345,18.220000000000027,71,43,2.82,ZA,2022-11-29 03:34:11
44,bilibino,68.0546,166.4372,-11.949999999999989,89,100,2.2,RU,2022-11-29 03:34:11
45,yellowknife,62.456,-114.3525,-27.46999999999997,76,40,4.63,CA,2022-11-29 03:34:12
46,panguna,-6.3164,155.4848,23.33000000000004,89,100,0.94,PG,2022-11-29 03:34:12
47,chulman,56.8479,124.9104,-28.039999999999964,91,100,4.75,RU,2022-11-29 03:34:13
48,ribeira grande,38.5167,-28.7,18.760000000000048,91,10,8.94,PT,2022-11-29 03:34:13
49,jamestown,42.097,-79.2353,2.230000000000018,83,100,1.54,US,2022-11-29 03:34:14
50,hirado,33.3597,129.5531,22.439999999999998,93,76,5.25,JP,2022-11-29 03:34:14
51,rikitea,-23.1203,-134.9692,23.160000000000025,76,74,5.89,PF,2022-11-29 03:29:56
52,asfi,32.2994,-9.2372,13.32000000000005,67,5,7.02,MA,2022-11-29 03:34:15
53,pangai,-19.8,-174.35,29.060000000000002,58,40,6.17,TO,2022-11-29 03:34:15
54,albany,42.6001,-73.9662,2.6000000000000227,79,24,0.45,US,2022-11-29 03:33:00
55,kemi,65.8596,24.8228,-1.1299999999999955,93,100,2.06,FI,2022-11-29 03:34:16
56,georgetown,5.4112,100.3354,29.970000000000027,79,20,3.09,MY,2022-11-29 03:34:16
57,umm kaddadah,13.6017,26.6876,20.620000000000005,29,81,4.08,SD,2022-11-29 03:34:17
58,indramayu,-6.3264,108.32,29.660000000000025,63,35,0.2,ID,2022-11-29 03:34:17
59,tres arroyos,-38.3739,-60.2798,23.640000000000043,45,47,7.02,AR,2022-11-29 03:34:17
60,carnarvon,-24.8667,113.6333,26.77000000000004,61,0,5.75,AU,2022-11-29 03:33:06
61,vilyuysk,63.7553,121.6247,-34.74999999999997,98,76,1.97,RU,2022-11-29 03:34:18
62,punta arenas,-53.15,-70.9167,5.060000000000002,70,0,7.2,CL,2022-11-29 03:32:50
63,villa guerrero,18.8667,-99.65,19.600000000000023,83,60,1.97,MX,2022-11-29 03:34:19
64,tasiilaq,65.6145,-37.6368,1.0900000000000318,88,100,5.2,GL,2022-11-29 03:34:19
65,tautira,-17.7333,-149.15,25.78000000000003,78,82,5.04,PF,2022-11-29 03:34:20
66,bethel,41.3712,-73.414,4.410000000000025,75,0,2.06,US,2022-11-29 03:34:20
67,ust-ordynskiy,52.805,104.7508,-16.799999999999955,87,100,7.95,RU,2022-11-29 03:34:20
68,hithadhoo,-0.6,73.0833,27.160000000000025,76,86,3.91,MV,2022-11-29 03:30:00
69,clyde river,70.4692,-68.5914,-23.869999999999976,84,20,8.23,CA,2022-11-29 03:34:21
70,yining,29.0361,114.5636,10.400000000000034,94,100,1.31,CN,2022-11-29 03:34:21
71,provideniya,64.3833,-173.3,-3.9399999999999977,68,75,7.15,RU,2022-11-29 03:33:32
72,yelizovo,53.1873,158.3805,-0.9199999999999591,42,20,8.05,RU,2022-11-29 03:34:22
73,kaitangata,-46.2817,169.8464,14.020000000000039,79,100,3.19,NZ,2022-11-29 03:34:22
74,yerbogachen,61.2767,108.0108,-27.339999999999975,99,92,1.04,RU,2022-11-29 03:34:22
75,quelimane,-17.8786,36.8883,23.970000000000027,88,75,1.54,MZ,2022-11-29 03:34:23
76,hobart,-42.8794,147.3294,17.810000000000002,51,79,1.79,AU,2022-11-29 03:32:28
77,inhambane,-23.865,35.3833,23.03000000000003,69,100,6.18,MZ,2022-11-29 03:34:24
78,maniitsoq,65.4167,-52.9,-0.7199999999999704,58,100,4.24,GL,2022-11-29 03:34:24
79,uruzgan,32.8333,66.0,10.110000000000014,26,31,1.98,AF,2022-11-29 03:34:24
80,sioux lookout,50.1001,-91.917,-1.9599999999999795,93,100,4.12,CA,2022-11-29 03:34:03
81,muros,42.7762,-9.0603,10.050000000000011,95,99,0.97,ES,2022-11-29 03:33:42
82,seoul,37.5683,126.9778,10.660000000000025,65,0,6.69,KR,2022-11-29 03:23:46
83,ust-kuyga,70.0167,135.6,-45.67999999999998,99,94,1.93,RU,2022-11-29 03:33:27
84,sarangani,5.4033,125.4636,28.430000000000007,76,100,9.02,PH,2022-11-29 03:34:25
85,thompson,55.7435,-97.8558,-8.909999999999968,79,100,8.23,CA,2022-11-29 03:34:26
86,elko,41.0002,-115.5012,-4.319999999999993,68,100,7.15,US,2022-11-29 03:30:01
87,turukhansk,65.8167,87.9833,-20.769999999999982,98,99,3.24,RU,2022-11-29 03:34:26
88,fortuna foothills,32.6578,-114.4119,18.05000000000001,50,0,4.63,US,2022-11-29 03:34:27
89,novo aripuana,-5.1206,-60.3797,23.840000000000032,89,38,1.24,BR,2022-11-29 03:34:27
90,damaturu,11.747,11.9608,16.75,29,67,3.52,NG,2022-11-29 03:34:27
91,calvinia,-31.4707,19.776,21.390000000000043,22,44,1.43,ZA,2022-11-29 03:34:28
92,upernavik,72.7868,-56.1549,-13.42999999999995,98,100,8.86,GL,2022-11-29 03:32:59
93,sembakung,3.8167,117.25,33.460000000000036,52,67,0.9,ID,2022-11-29 03:34:29
94,longyearbyen,78.2186,15.6401,2.910000000000025,81,75,5.14,SJ,2022-11-29 03:30:48
95,nevers,46.9167,3.3333,5.480000000000018,97,100,2.34,FR,2022-11-29 03:34:29
96,martapura,-3.4167,114.85,28.05000000000001,78,20,2.57,ID,2022-11-29 03:34:29
97,esperance,-33.8667,121.9,22.05000000000001,48,0,5.31,AU,2022-11-29 03:34:30
98,makakilo city,21.3469,-158.0858,23.860000000000014,78,0,2.06,US,2022-11-29 03:34:30
99,pivijay,10.4617,-74.6162,22.910000000000025,94,87,1.34,CO,2022-11-29 03:34:31
100,thunder bay,48.4001,-89.3168,0.9900000000000091,86,100,4.12,CA,2022-11-29 03:31:16
101,rio grande,-32.035,-52.0986,20.08000000000004,85,0,6.48,BR,2022-11-29 03:34:31
102,lorengau,-2.0226,147.2712,29.75,62,34,3.69,PG,2022-11-29 03:34:32
103,castro,-24.7911,-50.0119,15.150000000000034,99,100,2.27,BR,2022-11-29 03:34:32
104,tortoli,39.9256,9.6572,10.900000000000034,82,40,3.6,IT,2022-11-29 03:34:32
105,atuona,-9.8,-139.0333,25.55000000000001,73,10,4.81,PF,2022-11-29 03:33:28
106,ahipara,-35.1667,173.1667,16.80000000000001,94,100,3.74,NZ,2022-11-29 03:32:06
107,ingham,42.6,-84.3833,2.170000000000016,79,75,2.06,US,2022-11-29 03:34:33
108,san cristobal,7.7669,-72.225,17.100000000000023,98,88,1.42,VE,2022-11-29 03:34:33
109,shimoda,34.6667,138.95,22.200000000000045,79,97,9.64,JP,2022-11-29 03:34:34
110,ugoofaaru,5.6667,73.0,27.060000000000002,72,35,0.72,MV,2022-11-29 03:34:34
111,vila velha,-20.3297,-40.2925,22.970000000000027,94,100,8.23,BR,2022-11-29 03:34:35
112,vanimo,-2.6741,141.3028,28.620000000000005,73,100,1.73,PG,2022-11-29 03:34:35
113,tuktoyaktuk,69.4541,-133.0374,-21.99999999999997,77,100,4.63,CA,2022-11-29 03:30:37
114,cape town,-33.9258,18.4232,23.950000000000045,66,0,5.14,ZA,2022-11-29 03:27:03
115,faanui,-16.4833,-151.75,26.30000000000001,74,15,5.08,PF,2022-11-29 03:34:36
116,narrabri,-30.3167,149.7833,29.180000000000007,31,0,0.89,AU,2022-11-29 03:34:36
117,isangel,-19.55,169.2667,29.150000000000034,73,74,4.94,VU,2022-11-29 03:34:14
118,tazovskiy,67.4667,78.7,-12.67999999999995,96,100,2.36,RU,2022-11-29 03:33:16
119,iqaluit,63.7506,-68.5145,-20.149999999999977,77,75,10.29,CA,2022-11-29 03:32:02
120,bubaque,11.2833,-15.8333,26.810000000000002,60,6,2.92,GW,2022-11-29 03:34:24
121,gazojak,41.1875,61.4036,2.7600000000000477,27,52,2.06,TM,2022-11-29 03:34:37
122,lagoa,39.05,-27.9833,18.350000000000023,88,3,12.56,PT,2022-11-29 03:33:16
123,ulagan,50.6321,87.9563,-21.879999999999967,71,31,0.34,RU,2022-11-29 03:34:38
124,bredasdorp,-34.5322,20.0403,17.100000000000023,92,58,1.32,ZA,2022-11-29 03:33:10
125,plettenberg bay,-34.0527,23.3716,20.189999999999998,70,21,1.27,ZA,2022-11-29 03:34:39
126,iracoubo,5.4802,-53.2011,24.55000000000001,90,100,3.89,GF,2022-11-29 03:34:39
127,yagodnoye,62.55,149.6667,-25.19999999999999,98,100,1.82,RU,2022-11-29 03:34:39
128,kupang,-10.1667,123.5833,29.32000000000005,84,75,2.57,ID,2022-11-29 03:34:05
129,vila franca do campo,37.7167,-25.4333,20.110000000000014,93,100,8.2,PT,2022-11-29 03:32:12
130,flin flon,54.7682,-101.865,-8.71999999999997,92,100,6.89,CA,2022-11-29 03:34:40
131,pandan,14.0453,124.1694,29.29000000000002,77,100,4.27,PH,2022-11-29 03:34:41
132,poum,-20.2333,164.0167,27.560000000000002,79,67,7.27,NC,2022-11-29 03:32:26
133,eyl,7.9803,49.8164,24.400000000000034,72,92,6.54,SO,2022-11-29 03:34:41
134,maryville,35.7565,-83.9705,9.710000000000036,84,0,0.89,US,2022-11-29 03:30:38
135,hasaki,35.7333,140.8333,22.379999999999995,71,94,12.42,JP,2022-11-29 03:34:42
136,souillac,-20.5167,57.5167,25.210000000000036,83,75,2.57,MU,2022-11-29 03:32:18
137,rafai,4.95,23.9167,19.850000000000023,94,79,0.64,CF,2022-11-29 03:34:42
138,pallasovka,50.05,46.8833,-6.109999999999957,61,0,5.16,RU,2022-11-29 03:34:43
139,oskemen,49.9565,82.6119,-35.01999999999998,74,20,1.0,KZ,2022-11-29 03:34:43
140,beringovskiy,63.05,179.3167,0.8600000000000136,98,100,6.15,RU,2022-11-29 03:34:43
141,naze,28.3667,129.4833,26.510000000000048,81,100,7.28,JP,2022-11-29 03:34:44
142,fereydunshahr,32.941,50.121,2.930000000000007,36,44,1.71,IR,2022-11-29 03:34:44
143,kavaratti,10.5669,72.642,27.54000000000002,69,75,1.27,IN,2022-11-29 03:32:07
144,camacha,33.0833,-16.3333,17.680000000000007,59,40,5.14,PT,2022-11-29 03:34:45
145,le vauclin,14.5452,-60.8388,26.03000000000003,78,75,7.2,MQ,2022-11-29 03:30:22
146,harper,4.375,-7.7169,24.99000000000001,84,37,2.99,LR,2022-11-29 03:34:45
147,maceio,-9.6658,-35.7353,24.689999999999998,94,75,1.54,BR,2022-11-29 03:34:46
148,airai,-8.9266,125.4092,22.360000000000014,71,76,2.06,TL,2022-11-29 03:30:08
149,touba,8.2833,-7.6833,20.700000000000045,65,50,1.62,CI,2022-11-29 03:34:47
150,kaniama,-7.5667,24.1833,18.120000000000005,99,100,1.77,CD,2022-11-29 03:34:47
151,pavlodar,52.3,76.95,-30.109999999999985,69,0,2.0,KZ,2022-11-29 03:34:47
152,alappuzha,9.49,76.3264,26.760000000000048,75,91,0.78,IN,2022-11-29 03:34:48
153,prado,-17.3411,-39.2208,23.189999999999998,93,100,5.51,BR,2022-11-29 03:34:48
154,san francisco,37.7749,-122.4194,11.660000000000025,74,40,12.96,US,2022-11-29 03:25:44
155,avanigadda,16.0215,80.9181,25.510000000000048,66,6,2.29,IN,2022-11-29 03:34:49
156,leningradskiy,69.3833,178.4167,-13.539999999999964,85,100,2.87,RU,2022-11-29 03:34:49
157,bambous virieux,-20.3428,57.7575,26.230000000000018,83,75,2.57,MU,2022-11-29 03:32:51
158,bengkulu,-3.8004,102.2655,28.680000000000007,66,99,1.64,ID,2022-11-29 03:34:50
159,lavrentiya,65.5833,-171.0,-9.099999999999966,91,63,1.26,RU,2022-11-29 03:34:50
160,arraial do cabo,-22.9661,-42.0278,22.80000000000001,92,90,8.64,BR,2022-11-29 03:34:51
161,port alfred,-33.5906,26.891,17.32000000000005,88,16,0.89,ZA,2022-11-29 03:34:51
162,gandhidham,23.0833,70.1333,25.02000000000004,26,3,3.17,IN,2022-11-29 03:34:51
163,klaksvik,62.2266,-6.589,8.510000000000048,86,9,4.2,FO,2022-11-29 03:33:04
164,alofi,-19.0595,-169.9187,27.939999999999998,65,75,6.69,NU,2022-11-29 03:32:06
165,mitu,1.1983,-70.1733,21.640000000000043,99,87,1.05,CO,2022-11-29 03:34:52
166,ilovlya,49.3033,43.9796,-4.8700000000000045,60,21,5.18,RU,2022-11-29 03:34:53
167,barrow,71.2906,-156.7887,-26.98999999999998,69,0,4.63,US,2022-11-29 03:34:53
168,talnakh,69.4865,88.3972,-22.599999999999966,99,100,3.42,RU,2022-11-29 03:34:53
169,tomatlan,19.9333,-105.25,20.370000000000005,85,6,1.38,MX,2022-11-29 03:34:54
170,koshurnikovo,54.1667,93.3,-19.149999999999977,92,100,0.89,RU,2022-11-29 03:34:54
171,port elizabeth,-33.918,25.5701,18.510000000000048,92,20,5.14,ZA,2022-11-29 03:30:34
172,half moon bay,37.4636,-122.4286,11.620000000000005,76,0,9.77,US,2022-11-29 03:34:55
173,huambo,-12.7761,15.7392,13.490000000000009,96,91,1.1,AO,2022-11-29 03:34:55
174,tiksi,71.6872,128.8694,-33.309999999999974,99,45,3.28,RU,2022-11-29 03:33:25
175,waynesville,35.4887,-82.9887,7.6299999999999955,90,0,1.79,US,2022-11-29 03:31:15
176,pocatello,42.8713,-112.4455,-2.0499999999999545,87,100,7.6,US,2022-11-29 03:34:56
177,pevek,69.7008,170.3133,-8.739999999999952,74,98,5.72,RU,2022-11-29 03:34:56
178,grahamstown,-33.3042,26.5328,13.860000000000014,82,25,1.47,ZA,2022-11-29 03:34:57
179,kokuy,52.2037,117.5529,-25.419999999999987,85,27,1.88,RU,2022-11-29 03:34:57
180,russell,32.3502,-85.1999,9.78000000000003,84,0,0.38,US,2022-11-29 03:34:58
181,san juan,-31.5375,-68.5364,28.100000000000023,33,88,0.8,AR,2022-11-29 03:32:38
182,san andres,12.5847,-81.7006,28.010000000000048,78,75,5.14,CO,2022-11-29 03:34:58
183,salalah,17.0151,54.0924,20.05000000000001,73,0,3.09,OM,2022-11-29 03:34:37
184,lerwick,60.1545,-1.1494,8.0,85,17,3.56,GB,2022-11-29 03:34:59
185,port hedland,-20.3167,118.5667,32.03000000000003,62,7,7.72,AU,2022-11-29 03:34:59
186,sinnamary,5.3833,-52.95,24.660000000000025,89,100,3.68,GF,2022-11-29 03:34:59
187,broome,42.2506,-75.833,2.0600000000000023,86,100,3.09,US,2022-11-29 03:34:56
188,subottsi,48.6554,32.5209,1.7300000000000182,76,100,4.79,UA,2022-11-29 03:35:00
189,nishihara,26.1842,127.7558,27.810000000000002,83,40,6.69,JP,2022-11-29 03:35:01
190,saint-leu,-21.15,55.2833,25.730000000000018,70,75,1.27,RE,2022-11-29 03:35:01
191,chake chake,-5.2459,39.7666,25.120000000000005,87,65,1.58,TZ,2022-11-29 03:35:01
192,hambantota,6.1241,81.1185,27.189999999999998,83,20,3.09,LK,2022-11-29 03:35:02
193,nurobod,40.9056,69.8023,7.82000000000005,91,100,1.33,UZ,2022-11-29 03:35:02
194,rumoi,43.9344,141.6428,9.920000000000016,94,100,5.35,JP,2022-11-29 03:35:02
195,geraldton,-28.7667,114.6,40.23000000000002,12,1,6.69,AU,2022-11-29 03:31:25
196,kailua,21.4022,-157.7394,24.670000000000016,86,100,3.46,US,2022-11-29 03:35:03
197,jiwani,25.05,61.7417,24.58000000000004,43,0,3.25,PK,2022-11-29 03:35:04
198,floro,61.5996,5.0328,8.870000000000005,57,100,5.14,NO,2022-11-29 03:35:04
199,aktau,43.65,51.2,-1.67999999999995,64,16,4.58,KZ,2022-11-29 03:35:05
200,outlook,51.5001,-107.0513,-10.42999999999995,92,100,7.77,CA,2022-11-29 03:35:05
201,morant bay,17.8815,-76.4093,26.79000000000002,81,11,2.97,JM,2022-11-29 03:35:05
202,dafeng,23.4517,108.5881,26.340000000000032,80,87,2.95,CN,2022-11-29 03:35:06
203,kibaya,-5.3,36.5667,15.25,90,85,2.34,TZ,2022-11-29 03:33:56
204,katsuura,35.1333,140.3,22.010000000000048,71,90,11.09,JP,2022-11-29 03:30:42
205,lata,40.1629,-8.3327,5.600000000000023,92,100,1.58,PT,2022-11-29 03:33:47
206,vao,-22.6667,167.4833,26.05000000000001,85,100,6.89,NC,2022-11-29 03:35:07
207,victoria,22.2855,114.1577,30.03000000000003,87,21,0.45,HK,2022-11-29 03:34:20
208,okhotsk,59.3833,143.3,-17.649999999999977,91,100,5.82,RU,2022-11-29 03:34:03
209,killybegs,54.6333,-8.45,9.330000000000041,68,91,2.29,IE,2022-11-29 03:35:08
210,taoudenni,22.6783,-3.9836,16.03000000000003,28,66,5.42,ML,2022-11-29 03:35:08
211,homer,59.6425,-151.5483,-5.069999999999993,59,0,3.6,US,2022-11-29 03:35:09
212,diffa,13.3154,12.6113,17.650000000000034,31,92,3.86,NE,2022-11-29 03:35:09
213,ayan,56.45,138.1667,-19.94999999999999,82,9,6.21,RU,2022-11-29 03:35:09
214,east london,-33.0153,27.9116,18.52000000000004,82,0,4.63,ZA,2022-11-29 03:32:07
215,hamilton,39.1834,-84.5333,8.230000000000018,89,100,2.57,US,2022-11-29 03:33:28
216,aviles,43.5547,-5.9248,10.980000000000018,91,100,4.12,ES,2022-11-29 03:35:10
217,megion,61.0296,76.1136,-21.98999999999998,98,17,2.48,RU,2022-11-29 03:35:10
218,lulea,65.5842,22.1547,1.0400000000000205,100,100,1.54,SE,2022-11-29 03:31:15
219,manaure,11.7751,-72.4445,25.75,79,100,3.86,CO,2022-11-29 03:35:11
220,kiunga,-6.1219,141.2906,26.860000000000014,75,98,0.41,PG,2022-11-29 03:35:12
221,pundaguitan,6.3711,126.1689,27.78000000000003,79,91,6.43,PH,2022-11-29 03:35:12
222,whitehorse,60.7161,-135.0538,-15.569999999999993,75,100,5.14,CA,2022-11-29 03:34:20
223,roald,62.5833,6.1333,9.510000000000048,53,100,4.12,NO,2022-11-29 03:35:13
224,macapa,0.0389,-51.0664,24.99000000000001,94,20,2.57,BR,2022-11-29 03:35:13
225,kumluca,36.3703,30.2869,15.460000000000036,83,100,1.97,TR,2022-11-29 03:35:14
226,vardo,70.3705,31.1107,-0.009999999999990905,86,95,7.2,NO,2022-11-29 03:35:14
227,portland,45.5234,-122.6762,4.080000000000041,90,20,3.6,US,2022-11-29 03:35:15
228,praia,14.9215,-23.5087,22.30000000000001,83,20,4.63,CV,2022-11-29 03:35:15
229,hirara,24.8,125.2833,28.920000000000016,78,75,5.14,JP,2022-11-29 03:35:16
230,kaeo,-35.1,173.7833,20.180000000000007,79,100,3.23,NZ,2022-11-29 03:35:16
231,mildura,-34.2,142.15,21.710000000000036,46,12,5.48,AU,2022-11-29 03:31:57
232,atambua,-9.1061,124.8925,27.970000000000027,71,68,2.9,ID,2022-11-29 03:35:17
233,meulaboh,4.1363,96.1285,27.920000000000016,75,93,1.28,ID,2022-11-29 03:31:15
234,torbay,47.6666,-52.7314,7.090000000000032,95,100,12.35,CA,2022-11-29 03:35:17
235,sabang,5.8933,95.3214,27.700000000000045,76,100,4.75,ID,2022-11-29 03:35:17
236,talcahuano,-36.7167,-73.1167,12.82000000000005,100,100,2.57,CL,2022-11-29 03:35:18
237,khatanga,71.9667,102.5,-19.169999999999987,97,100,6.2,RU,2022-11-29 03:30:51
238,mongo,12.1844,18.693,20.24000000000001,22,25,2.35,TD,2022-11-29 03:35:19
239,asau,46.4333,26.4,-1.4899999999999523,90,99,0.81,RO,2022-11-29 03:33:21
240,guerrero negro,27.9769,-114.0611,16.370000000000005,79,5,5.74,MX,2022-11-29 03:33:52
241,bandundu,-3.3167,17.3667,21.460000000000036,98,100,0.92,CD,2022-11-29 03:35:19
242,tahta,26.7693,31.5021,16.860000000000014,40,7,2.64,EG,2022-11-29 03:35:20
243,ostrovnoy,68.0531,39.5131,-0.2699999999999818,87,100,3.34,RU,2022-11-29 03:32:23
244,lokosovo,61.1333,74.8167,-25.71999999999997,98,16,2.19,RU,2022-11-29 03:31:56
245,ixtapa,20.7,-105.2,22.350000000000023,83,0,0.0,MX,2022-11-29 03:35:21
246,diego de almagro,-26.3667,-70.05,16.05000000000001,69,0,0.69,CL,2022-11-29 03:35:21
247,yetkul,54.8221,61.588,-23.139999999999986,93,12,2.22,RU,2022-11-29 03:35:21
248,sabzevar,36.2126,57.6819,3.6000000000000227,75,0,4.12,IR,2022-11-29 03:35:22
249,saint-philippe,-21.3585,55.7679,25.77000000000004,79,86,3.36,RE,2022-11-29 03:35:22
250,la grande,45.3246,-118.0877,-4.409999999999968,97,57,0.76,US,2022-11-29 03:32:51
251,kudahuvadhoo,2.6708,72.8944,26.879999999999995,69,79,2.13,MV,2022-11-29 03:34:05
252,ulaanbaatar,47.9077,106.8832,-26.92999999999998,58,0,2.0,MN,2022-11-29 03:35:23
253,brae,60.3964,-1.353,8.140000000000043,87,11,3.2,GB,2022-11-29 03:33:30
254,mar del plata,-38.0023,-57.5575,20.610000000000014,97,0,7.15,AR,2022-11-29 03:35:24
255,komsomolskiy,40.4272,71.7189,7.400000000000034,81,75,3.09,UZ,2022-11-29 03:32:04
256,delano,35.7688,-119.247,11.25,53,0,0.0,US,2022-11-29 03:31:45
257,ust-nera,64.5667,143.2,-23.589999999999975,97,100,2.32,RU,2022-11-29 03:33:54
258,karratha,-20.7377,116.8463,34.05000000000001,37,3,8.26,AU,2022-11-29 03:33:19
259,maldonado,-34.6667,-54.9167,20.129999999999995,94,0,5.74,UY,2022-11-29 03:35:25
260,pisco,-13.7,-76.2167,20.03000000000003,77,75,2.57,PE,2022-11-29 03:35:25
261,rio grande city,26.3798,-98.8203,21.730000000000018,89,50,4.19,US,2022-11-29 03:35:25
262,te anau,-45.4167,167.7167,12.090000000000032,94,100,1.87,NZ,2022-11-29 03:35:26
263,sao filipe,14.8961,-24.4956,23.80000000000001,63,19,4.41,CV,2022-11-29 03:32:50
264,auki,-8.7676,160.7034,26.660000000000025,82,100,1.63,SB,2022-11-29 03:35:26
265,scottsbluff,41.8666,-103.6672,-2.339999999999975,83,100,7.2,US,2022-11-29 03:30:48
266,launceston,-41.45,147.1667,19.78000000000003,39,40,6.69,AU,2022-11-29 03:35:27
267,olafsvik,64.8945,-23.7142,4.220000000000027,71,100,7.75,IS,2022-11-29 03:35:27
268,ust-kulom,61.6864,53.6902,-8.489999999999952,95,100,2.25,RU,2022-11-29 03:35:28
269,keffi,8.8486,7.8736,21.640000000000043,49,18,1.36,NG,2022-11-29 03:35:28
270,cooma,-36.2333,149.1333,20.920000000000016,27,11,3.07,AU,2022-11-29 03:35:28
271,sangar,63.9242,127.4739,-36.44999999999999,99,100,1.46,RU,2022-11-29 03:35:29
272,fairbanks,64.8378,-147.7164,-21.809999999999974,74,0,3.6,US,2022-11-29 03:32:09
273,port augusta,-32.5,137.7667,23.370000000000005,34,0,7.49,AU,2022-11-29 03:35:29
274,bodrum,37.0383,27.4292,13.710000000000036,81,95,2.82,TR,2022-11-29 03:35:30
275,coahuayana,18.7333,-103.6833,22.600000000000023,90,91,1.15,MX,2022-11-29 03:35:30
276,ancud,-41.8697,-73.8203,12.050000000000011,94,3,2.87,CL,2022-11-29 03:31:50
277,tiarei,-17.5333,-149.3333,28.010000000000048,78,93,5.39,PF,2022-11-29 03:35:31
278,ambilobe,-13.2,49.05,25.57000000000005,65,0,1.01,MG,2022-11-29 03:35:31
279,qarqin,37.4185,66.0436,11.79000000000002,51,29,2.08,AF,2022-11-29 03:35:32
280,korla,41.7597,86.1469,-7.639999999999986,27,18,6.51,CN,2022-11-29 03:35:32
281,nador,35.174,-2.9287,13.140000000000043,54,0,2.06,MA,2022-11-29 03:35:32
282,san quintin,30.4833,-115.95,14.439999999999998,76,2,3.78,MX,2022-11-29 03:35:33
283,constitucion,-35.3333,-72.4167,12.470000000000027,90,43,2.58,CL,2022-11-29 03:35:33
284,nioaque,-21.1353,-55.83,22.03000000000003,78,24,2.35,BR,2022-11-29 03:35:34
285,fort nelson,58.8053,-122.7002,-20.22999999999999,84,100,2.06,CA,2022-11-29 03:35:34
286,aki,33.5,133.9,20.970000000000027,97,100,6.42,JP,2022-11-29 03:35:34
287,russkaya polyana,49.417,31.9201,1.8799999999999955,79,100,5.07,UA,2022-11-29 03:35:35
288,altagracia de orituco,9.8601,-66.3814,21.79000000000002,98,100,1.92,VE,2022-11-29 03:35:35
289,nizhniy kuranakh,58.8353,125.4869,-25.71999999999997,91,100,1.54,RU,2022-11-29 03:35:36
290,port pirie,-33.1833,138.0167,21.33000000000004,45,2,7.04,AU,2022-11-29 03:35:36
291,zvenigorod,55.7333,36.8475,-4.819999999999993,96,100,2.26,RU,2022-11-29 03:35:37
292,hofn,64.2539,-15.2082,1.9600000000000364,74,18,3.36,IS,2022-11-29 03:35:37
293,boende,-0.2167,20.8667,20.939999999999998,98,99,0.59,CD,2022-11-29 03:35:37
294,barra da estiva,-13.6261,-41.3269,18.07000000000005,92,100,1.71,BR,2022-11-29 03:35:38
295,krasnoselkup,65.7,82.4667,-17.659999999999968,97,100,3.44,RU,2022-11-29 03:35:38
296,yeppoon,-23.1333,150.7333,21.879999999999995,88,100,2.53,AU,2022-11-29 03:35:39
297,statesville,35.7826,-80.8873,9.57000000000005,57,40,0.0,US,2022-11-29 03:35:39
298,kirakira,-10.4544,161.9205,27.600000000000023,78,100,2.57,SB,2022-11-29 03:35:39
299,ambon,-3.6954,128.1814,32.08000000000004,66,40,2.06,ID,2022-11-29 03:35:40
300,buraydah,26.326,43.975,15.25,30,100,4.35,SA,2022-11-29 03:35:40
301,chokurdakh,70.6333,147.9167,-30.649999999999977,97,100,2.86,RU,2022-11-29 03:35:40
302,hun,29.1268,15.9477,14.160000000000025,76,38,1.59,LY,2022-11-29 03:35:41
303,norman wells,65.282,-126.8329,-30.97999999999999,76,75,0.0,CA,2022-11-29 03:35:41
304,limbach-oberfrohna,50.8667,12.75,3.6899999999999977,88,100,1.7,DE,2022-11-29 03:35:41
305,sangre grande,10.5835,-61.1177,25.100000000000023,89,95,3.89,TT,2022-11-29 03:35:42
306,miri,4.4148,114.0089,29.08000000000004,79,40,2.06,MY,2022-11-29 03:35:08
307,luohe,33.5717,114.0353,5.180000000000007,24,100,8.48,CN,2022-11-29 03:35:42
308,pringsewu,-5.3582,104.9744,31.370000000000005,57,100,2.53,ID,2022-11-29 03:35:43
309,cuamba,-14.8031,36.5372,23.160000000000025,72,55,1.04,MZ,2022-11-29 03:35:43
310,nalut,30.3333,10.85,12.879999999999995,66,99,4.38,LY,2022-11-29 03:35:43
311,gambo,4.6482,22.2633,19.450000000000045,97,99,0.14,CF,2022-11-29 03:35:44
312,langxiang,46.95,128.8833,-13.669999999999959,80,100,6.58,CN,2022-11-29 03:35:44
313,moscow,55.7522,37.6156,-4.7099999999999795,96,96,2.32,RU,2022-11-29 03:30:16
314,touros,-5.1989,-35.4608,24.710000000000036,82,64,3.35,BR,2022-11-29 03:35:45
315,bac lieu,9.285,105.7244,29.470000000000027,71,99,5.61,VN,2022-11-29 03:35:45
316,lompoc,34.6391,-120.4579,12.230000000000018,87,0,7.72,US,2022-11-29 03:35:46
317,aykhal,66.0,111.5,-31.369999999999976,100,99,1.86,RU,2022-11-29 03:35:46
318,price,39.5994,-110.8107,2.2900000000000205,86,100,3.09,US,2022-11-29 03:31:06
319,saint-claude,46.5,5.8333,4.2000000000000455,96,100,0.98,FR,2022-11-29 03:35:46
320,visnes,59.3556,5.2242,8.450000000000045,81,100,3.09,NO,2022-11-29 03:35:47
321,vila,42.0304,-8.1588,4.490000000000009,94,100,0.76,PT,2022-11-29 03:35:47
322,yabrud,33.9674,36.6574,7.970000000000027,86,97,1.14,SY,2022-11-29 03:35:48
323,qinhuangdao,39.9317,119.5883,-3.599999999999966,21,28,9.23,CN,2022-11-29 03:35:48
324,saint george,37.1041,-113.5841,7.189999999999998,43,0,1.34,US,2022-11-29 03:31:13
325,mubi,10.2676,13.2644,17.200000000000045,33,64,1.01,NG,2022-11-29 03:35:49
326,abu dhabi,24.4667,54.3667,23.010000000000048,83,0,1.54,AE,2022-11-29 03:32:38
327,grand-santi,4.25,-54.3833,22.660000000000025,98,99,0.88,GF,2022-11-29 03:35:49
328,trincomalee,8.5711,81.2335,27.390000000000043,65,100,4.29,LK,2022-11-29 03:35:50
329,mirosi,44.4167,24.9333,2.9500000000000455,80,100,1.41,RO,2022-11-29 03:35:50
330,chortkiv,49.0171,25.798,-0.7699999999999818,94,84,2.41,UA,2022-11-29 03:35:50
331,pangnirtung,66.1451,-65.7125,-18.18999999999997,94,100,0.38,CA,2022-11-29 03:35:51
332,rio de janeiro,-22.9028,-43.2075,24.970000000000027,88,75,1.54,BR,2022-11-29 03:33:05
333,minab,27.1467,57.0801,24.720000000000027,18,0,2.3,IR,2022-11-29 03:35:51
334,aswan,24.0934,32.907,18.30000000000001,35,0,3.04,EG,2022-11-29 03:35:52
335,rolla,37.9514,-91.7713,9.080000000000041,76,0,6.26,US,2022-11-29 03:35:52
336,hay river,60.8156,-115.7999,-24.00999999999999,77,100,7.72,CA,2022-11-29 03:35:53
337,sackville,45.9188,-64.3846,0.32000000000005,80,68,5.63,CA,2022-11-29 03:35:53
338,rawson,-43.3002,-65.1023,23.010000000000048,30,27,6.74,AR,2022-11-29 03:35:53
339,huarmey,-10.0681,-78.1522,19.54000000000002,82,91,2.27,PE,2022-11-29 03:35:54
340,hami,42.8,93.45,-10.449999999999989,18,0,1.49,CN,2022-11-29 03:35:54
341,bumba,2.1833,22.4667,20.420000000000016,98,64,0.67,CD,2022-11-29 03:35:54
342,leh,34.1667,77.5833,-7.399999999999977,45,12,0.4,IN,2022-11-29 03:35:55
343,dicabisagan,17.0818,122.4157,29.850000000000023,70,34,1.94,PH,2022-11-29 03:34:49
344,catuday,16.2923,119.8062,29.28000000000003,65,12,2.65,PH,2022-11-29 03:35:55
345,adoni,15.6333,77.2833,25.090000000000032,54,11,2.71,IN,2022-11-29 03:35:56
346,manyana,-23.4,21.7167,21.480000000000018,54,0,7.13,BW,2022-11-29 03:35:56
347,luderitz,-26.6481,15.1594,14.980000000000018,90,1,1.95,NA,2022-11-29 03:35:56
348,pangody,65.85,74.4859,-12.479999999999961,95,100,3.97,RU,2022-11-29 03:35:57
349,mangrol,21.1167,70.1167,24.629999999999995,35,0,3.56,IN,2022-11-29 03:33:19
350,sao joao batista,-27.2761,-48.8494,21.900000000000034,100,100,1.31,BR,2022-11-29 03:35:57
351,nouakchott,18.0858,-15.9785,18.960000000000036,33,34,6.14,MR,2022-11-29 03:35:58
352,batemans bay,-35.7167,150.1833,19.5,52,18,5.1,AU,2022-11-29 03:35:58
353,mount gambier,-37.8333,140.7667,17.860000000000014,51,94,4.39,AU,2022-11-29 03:33:59
354,yermakovskoye,53.2831,92.4003,-17.359999999999985,78,98,0.31,RU,2022-11-29 03:35:59
355,verkh-usugli,52.7,115.1667,-21.919999999999987,53,15,2.48,RU,2022-11-29 03:35:59
356,namibe,-15.1961,12.1522,21.260000000000048,85,97,3.74,AO,2022-11-29 03:36:00
357,york,40.1254,-77.0,6.439999999999998,69,76,2.32,US,2022-11-29 03:36:00
358,wajima,37.4,136.9,18.379999999999995,88,99,1.03,JP,2022-11-29 03:36:00
359,singaraja,-8.112,115.0882,29.0,73,100,0.82,ID,2022-11-29 03:36:01
360,maragogi,-9.0122,-35.2225,24.54000000000002,83,89,4.13,BR,2022-11-29 03:31:20
361,beyneu,45.3167,55.2,-0.9099999999999682,49,100,4.78,KZ,2022-11-29 03:36:01
362,portree,57.4129,-6.1942,5.850000000000023,94,39,2.92,GB,2022-11-29 03:36:02
363,suez,29.9737,32.5263,15.410000000000025,49,42,1.08,EG,2022-11-29 03:36:02
364,bilma,18.6853,12.9164,15.379999999999995,41,100,3.73,NE,2022-11-29 03:31:04
365,muravlenko,63.7898,74.523,-18.42999999999998,90,100,3.82,RU,2022-11-29 03:36:03
366,kudat,6.8837,116.8477,30.160000000000025,74,40,1.54,MY,2022-11-29 03:36:03
367,tres lagoas,-20.7511,-51.6783,20.129999999999995,87,54,1.3,BR,2022-11-29 03:36:04
368,wahpeton,46.2652,-96.6059,-1.9899999999999523,64,75,5.66,US,2022-11-29 03:36:04
369,yar-sale,66.8333,70.8333,-12.21999999999997,97,100,1.07,RU,2022-11-29 03:34:53
370,san patricio,28.017,-97.5169,22.170000000000016,90,100,4.87,US,2022-11-29 03:36:05
371,aurillac,44.9167,2.45,3.490000000000009,94,100,2.06,FR,2022-11-29 03:36:05
372,wasilla,61.5814,-149.4394,-14.279999999999973,84,0,0.0,US,2022-11-29 03:36:05
373,beni suef,29.0731,31.0979,15.150000000000034,46,13,1.62,EG,2022-11-29 03:36:06
374,ostersund,63.1792,14.6357,1.4500000000000455,100,100,17.43,SE,2022-11-29 03:32:22
375,kilindoni,-7.9139,39.6668,26.27000000000004,81,90,4.8,TZ,2022-11-29 03:36:06
376,sept-iles,50.2001,-66.3821,-6.0,63,0,3.6,CA,2022-11-29 03:35:11
377,tuatapere,-46.1333,167.6833,13.410000000000025,96,100,0.85,NZ,2022-11-29 03:32:57
378,kerugoya,-0.4989,37.2803,14.550000000000011,92,96,1.43,KE,2022-11-29 03:36:07
379,kumo,10.0447,11.2122,18.910000000000025,28,42,2.96,NG,2022-11-29 03:36:08
380,cherskiy,68.75,161.3,-14.789999999999964,96,100,3.31,RU,2022-11-29 03:36:08
381,marzuq,14.4,46.4667,17.620000000000005,40,3,0.69,YE,2022-11-29 03:34:55
382,nicoya,10.1483,-85.452,23.110000000000014,94,100,0.88,CR,2022-11-29 03:36:08
383,jalu,29.0331,21.5482,12.28000000000003,75,0,3.3,LY,2022-11-29 03:36:09
384,helena,46.5927,-112.0361,-11.439999999999998,72,100,2.57,US,2022-11-29 03:33:10
385,nuuk,64.1835,-51.7216,0.4900000000000091,47,100,5.36,GL,2022-11-29 03:36:10
386,vinh,18.6667,105.6667,29.650000000000034,66,16,1.19,VN,2022-11-29 03:36:10
387,morbegno,46.1383,9.57,6.490000000000009,97,100,0.31,IT,2022-11-29 03:36:10
388,dingle,10.9995,122.6711,29.960000000000036,69,43,6.11,PH,2022-11-29 03:36:11
389,oriximina,-1.7656,-55.8661,23.54000000000002,92,100,1.29,BR,2022-11-29 03:36:11
390,malanje,-9.5402,16.341,16.670000000000016,99,100,1.13,AO,2022-11-29 03:36:11
391,batagay,67.6333,134.6333,-43.46999999999997,100,97,0.48,RU,2022-11-29 03:36:12
392,rosita,13.9268,-84.4032,21.32000000000005,97,90,1.07,NI,2022-11-29 03:36:12
393,coxim,-18.5067,-54.76,23.32000000000005,56,29,2.23,BR,2022-11-29 03:36:13
394,piqua,40.1448,-84.2424,6.990000000000009,96,100,3.11,US,2022-11-29 03:33:10
395,chifeng,42.2683,118.9636,-13.560000000000002,25,61,11.18,CN,2022-11-29 03:36:13
396,sakakah,29.9697,40.2064,14.760000000000048,48,99,3.0,SA,2022-11-29 03:36:14
397,comodoro rivadavia,-45.8667,-67.5,21.920000000000016,33,0,12.35,AR,2022-11-29 03:33:55
398,hervey bay,-25.2986,152.8535,24.150000000000034,79,100,2.57,AU,2022-11-29 03:36:13
399,agadez,19.75,10.25,14.220000000000027,32,89,3.99,NE,2022-11-29 03:36:15
400,baykit,61.67,96.37,-19.859999999999985,96,100,1.85,RU,2022-11-29 03:36:15
401,saskylakh,71.9167,114.0833,-21.049999999999983,98,100,3.21,RU,2022-11-29 03:36:15
402,nanortalik,60.1432,-45.2371,0.9300000000000068,97,100,4.43,GL,2022-11-29 03:36:16
403,hare bay,48.8499,-54.0148,0.7800000000000296,99,100,5.3,CA,2022-11-29 03:36:16
404,moron,-34.6534,-58.6198,26.939999999999998,65,100,4.77,AR,2022-11-29 03:36:17
405,alyangula,-13.8483,136.4192,28.210000000000036,73,98,5.16,AU,2022-11-29 03:36:17
406,la ronge,55.1001,-105.2842,-7.859999999999957,86,100,6.69,CA,2022-11-29 03:36:17
407,atar,20.5169,-13.0499,18.33000000000004,16,0,5.51,MR,2022-11-29 03:34:40
408,zhigansk,66.7697,123.3711,-39.569999999999965,98,51,2.36,RU,2022-11-29 03:36:18
409,havoysund,70.9963,24.6622,2.1299999999999955,82,92,4.12,NO,2022-11-29 03:36:18
410,shenjiamen,29.9576,122.298,17.02000000000004,88,100,10.82,CN,2022-11-29 03:36:19
411,lincoln,40.8,-96.667,7.3799999999999955,71,0,2.57,US,2022-11-29 03:32:31
412,mount darwin,-16.7725,31.5838,17.970000000000027,94,100,2.16,ZW,2022-11-29 03:36:20
413,port-gentil,-0.7193,8.7815,26.08000000000004,79,100,2.35,GA,2022-11-29 03:34:39
414,igrim,63.1906,64.4162,-16.029999999999973,95,100,1.41,RU,2022-11-29 03:36:20
415,boa vista,2.8197,-60.6733,23.99000000000001,88,40,3.09,BR,2022-11-29 03:36:21
416,jojoima,7.8792,-10.7878,21.150000000000034,99,47,0.38,SL,2022-11-29 03:36:21
417,miles city,46.4083,-105.8406,-8.45999999999998,67,20,7.2,US,2022-11-29 03:36:21
418,pacific grove,36.6177,-121.9166,11.480000000000018,79,40,7.15,US,2022-11-29 03:34:08
419,sambava,-14.2667,50.1667,23.80000000000001,77,0,2.85,MG,2022-11-29 03:34:33
420,shubarkuduk,49.1447,56.4872,-5.789999999999964,52,100,6.56,KZ,2022-11-29 03:36:22
421,anyang,36.0994,114.3289,0.8400000000000318,22,79,5.52,CN,2022-11-29 03:36:23
422,bathsheba,13.2167,-59.5167,26.340000000000032,78,20,7.2,BB,2022-11-29 03:36:23
423,tilichiki,60.4667,166.1,0.060000000000002274,99,100,6.72,RU,2022-11-29 03:36:23
424,chumikan,54.7183,135.315,-18.20999999999998,66,100,1.68,RU,2022-11-29 03:36:24
425,pangkalanbuun,-2.6833,111.6167,32.47000000000003,54,100,1.05,ID,2022-11-29 03:36:24
426,jiuquan,39.7432,98.5174,-13.560000000000002,28,100,4.23,CN,2022-11-29 03:36:25
427,boddam,57.4667,-1.7833,-1.7899999999999636,72,0,2.79,GB,2022-11-29 03:36:25
428,itoman,26.1247,127.6694,28.210000000000036,83,40,6.69,JP,2022-11-29 03:36:26
429,itaituba,-4.2761,-55.9836,22.25,99,96,0.64,BR,2022-11-29 03:36:26
430,flinders,-34.5833,150.8552,23.430000000000007,61,1,3.13,AU,2022-11-29 03:34:10
431,gambela,8.25,34.5833,23.55000000000001,71,86,1.63,ET,2022-11-29 03:36:27
432,sungairaya,0.7,108.9,31.27000000000004,59,86,2.46,ID,2022-11-29 03:36:27
433,dubbo,-32.25,148.6167,24.07000000000005,33,0,4.63,AU,2022-11-29 03:36:28
434,lethem,3.3803,-59.7968,23.680000000000007,94,100,1.69,GY,2022-11-29 03:36:28
435,mandalgovi,45.7625,106.2708,-20.049999999999983,41,0,9.19,MN,2022-11-29 03:36:20
436,gizo,-8.103,156.8419,29.02000000000004,70,99,2.96,SB,2022-11-29 03:33:58
437,abha,18.2164,42.5053,8.900000000000034,71,0,0.0,SA,2022-11-29 03:34:35
438,majene,-3.5403,118.9707,30.350000000000023,64,96,2.71,ID,2022-11-29 03:33:41
439,chato,-2.6378,31.7669,19.430000000000007,82,100,0.81,TZ,2022-11-29 03:36:29
440,volovo,48.5246,23.5056,-1.2199999999999704,89,6,1.62,UA,2022-11-29 03:36:29
441,nome,64.5011,-165.4064,-17.95999999999998,65,0,3.6,US,2022-11-29 03:36:30
442,kuryk,43.2,51.65,5.650000000000034,78,51,2.4,KZ,2022-11-29 03:36:30
443,college,64.8569,-147.8028,-21.819999999999965,73,20,3.6,US,2022-11-29 03:33:10
444,hoi an,15.8794,108.335,29.980000000000018,76,15,3.56,VN,2022-11-29 03:36:31
445,camopi,3.1655,-52.3158,21.980000000000018,99,100,1.13,GF,2022-11-29 03:36:31
446,kolokani,13.5728,-8.0339,21.230000000000018,20,56,2.71,ML,2022-11-29 03:36:31
447,sar-e pul,35.8333,66.1667,5.720000000000027,64,28,0.46,AF,2022-11-29 03:36:32
448,pemangkat,1.1667,108.9667,29.03000000000003,70,86,2.66,ID,2022-11-29 03:36:32
449,xifeng,42.7372,124.7222,-10.589999999999975,39,0,7.87,CN,2022-11-29 03:36:33
450,katherine,-14.4667,132.2667,32.18000000000001,55,40,5.66,AU,2022-11-29 03:36:33
451,watertown,42.3709,-71.1828,5.080000000000041,70,0,4.63,US,2022-11-29 03:36:33
452,orlik,52.5178,99.825,-25.42999999999998,76,88,1.92,RU,2022-11-29 03:32:02
453,progreso,21.2833,-89.6667,23.950000000000045,75,49,4.52,MX,2022-11-29 03:36:34
454,goure,13.9835,10.2704,15.620000000000005,35,75,3.68,NE,2022-11-29 03:36:34
455,deputatskiy,69.3,139.9,-31.47999999999999,96,100,0.14,RU,2022-11-29 03:34:51
456,mogadishu,2.0371,45.3438,27.930000000000007,78,40,6.17,SO,2022-11-29 03:36:35
457,waingapu,-9.6567,120.2641,28.960000000000036,72,64,3.71,ID,2022-11-29 03:36:35
458,sisimiut,66.9395,-53.6735,-6.109999999999957,69,100,3.12,GL,2022-11-29 03:33:26
459,itarema,-2.9248,-39.9167,24.960000000000036,81,100,2.74,BR,2022-11-29 03:36:36
460,zhoucheng,35.9122,116.3117,0.7200000000000273,23,100,8.73,CN,2022-11-29 03:36:36
461,avera,33.194,-82.5271,8.840000000000032,69,0,2.16,US,2022-11-29 03:36:36
462,kahului,20.8947,-156.47,24.360000000000014,94,100,2.06,US,2022-11-29 03:33:17
463,planaltina,-15.4528,-47.6142,17.879999999999995,91,23,0.4,BR,2022-11-29 03:36:37
464,baihar,22.1,80.55,23.0,37,3,0.96,IN,2022-11-29 03:36:37
465,dusi,12.7667,79.6833,26.0,69,26,3.22,IN,2022-11-29 03:36:38
466,mehran,33.1222,46.1646,19.08000000000004,38,79,1.19,IR,2022-11-29 03:36:38
467,emba,48.8264,58.1442,-7.339999999999975,59,100,6.69,KZ,2022-11-29 03:36:39
468,patitirion,39.15,23.8667,7.990000000000009,74,99,8.61,GR,2022-11-29 03:36:39
469,angoche,-16.2325,39.9086,24.900000000000034,80,38,2.9,MZ,2022-11-29 03:36:39
470,gat,31.61,34.7642,19.110000000000014,100,100,1.78,IL,2022-11-29 03:33:45
471,ust-ishim,57.6935,71.1665,-21.799999999999983,92,45,1.82,RU,2022-11-29 03:36:40
472,faya,18.3851,42.4509,9.060000000000002,53,0,1.01,SA,2022-11-29 03:36:40
473,belyy yar,53.6039,91.3903,-21.059999999999974,84,40,0.0,RU,2022-11-29 03:36:41
474,iskateley,67.6803,53.1512,-8.069999999999993,96,98,3.62,RU,2022-11-29 03:36:41
475,sokolo,14.7328,-6.1219,22.99000000000001,16,98,4.21,ML,2022-11-29 03:36:41
476,padang,-0.9492,100.3543,26.03000000000003,72,100,1.77,ID,2022-11-29 03:36:42
477,vestmanna,62.1564,-7.1664,7.510000000000048,93,75,4.63,FO,2022-11-29 03:32:29
478,betsiamites,48.9413,-68.646,-3.7799999999999727,74,4,7.39,CA,2022-11-29 03:36:42
479,vestmannaeyjar,63.4427,-20.2734,5.360000000000014,81,100,8.37,IS,2022-11-29 03:36:43
480,ust-maya,60.4167,134.5333,-37.69999999999999,96,100,0.19,RU,2022-11-29 03:36:43
481,egvekinot,66.3167,-179.1667,-9.019999999999982,96,99,2.18,RU,2022-11-29 03:36:44
482,marrakesh,31.6315,-8.0083,12.04000000000002,58,0,1.03,MA,2022-11-29 03:36:45
483,kefalos,36.7453,26.9589,13.120000000000005,76,20,5.66,GR,2022-11-29 03:36:45
484,maneadero,31.7167,-116.5667,13.390000000000043,75,21,0.87,MX,2022-11-29 03:36:45
485,buala,-8.145,159.5921,27.960000000000036,76,100,2.45,SB,2022-11-29 03:34:10
486,talaya,61.3833,152.75,-25.48999999999998,96,100,2.87,RU,2022-11-29 03:36:46
487,sorong,-0.8833,131.25,29.220000000000027,70,26,2.71,ID,2022-11-29 03:36:46
488,rosa zarate,0.3333,-79.4667,22.150000000000034,88,99,0.79,EC,2022-11-29 03:36:47
489,port macquarie,-31.4333,152.9167,23.83000000000004,58,2,7.32,AU,2022-11-29 03:31:48
490,chuy,-33.6971,-53.4616,18.700000000000045,95,33,4.09,UY,2022-11-29 03:36:47
491,tshikapa,-6.4167,20.8,19.420000000000016,98,99,0.54,CD,2022-11-29 03:36:48
492,chulym,55.0997,80.9572,-24.319999999999965,89,79,2.35,RU,2022-11-29 03:36:48
493,sibolga,1.7427,98.7792,26.210000000000036,87,95,1.04,ID,2022-11-29 03:36:49
494,touho,-20.7833,165.2333,27.79000000000002,73,33,2.48,NC,2022-11-29 03:36:49
495,kandrian,-6.2167,149.55,29.939999999999998,72,92,3.2,PG,2022-11-29 03:36:49
496,turayf,31.6725,38.6637,10.140000000000043,100,75,8.23,SA,2022-11-29 03:34:19
497,nabire,-3.3667,135.4833,30.52000000000004,61,79,2.55,ID,2022-11-29 03:36:50
498,brookings,44.3114,-96.7984,-0.3499999999999659,82,100,2.57,US,2022-11-29 03:34:57
499,port lincoln,-34.7333,135.8667,18.310000000000002,54,5,6.07,AU,2022-11-29 03:36:51
500,tarata,-17.6167,-66.0167,17.680000000000007,50,71,4.16,BO,2022-11-29 03:36:51
501,fortuna,40.5982,-124.1573,5.920000000000016,93,0,0.0,US,2022-11-29 03:36:51
502,husavik,66.0449,-17.3389,-1.6499999999999773,64,1,6.29,IS,2022-11-29 03:35:50
503,kitimat,54.0524,-128.6534,-4.489999999999952,68,48,1.83,CA,2022-11-29 03:36:52
504,inirida,3.8653,-67.9239,22.129999999999995,99,98,0.9,CO,2022-11-29 03:36:52
505,codrington,-38.2667,141.9667,15.810000000000002,60,100,6.58,AU,2022-11-29 03:36:53
506,el rosario,24.2556,-107.1828,17.910000000000025,45,0,2.04,MX,2022-11-29 03:36:53
507,riyadh,24.6877,46.7219,16.08000000000004,40,99,2.54,SA,2022-11-29 03:34:33
508,saint anthony,45.0205,-93.218,2.0600000000000023,80,0,2.57,US,2022-11-29 03:36:54
509,anadyr,64.75,177.4833,-0.7199999999999704,92,100,19.0,RU,2022-11-29 03:33:55
510,celestun,20.8667,-90.4,27.480000000000018,71,89,5.48,MX,2022-11-29 03:36:54
511,poya,-21.35,165.15,30.640000000000043,60,71,0.29,NC,2022-11-29 03:36:55
512,saint-augustin,51.226,-58.6502,-3.099999999999966,94,100,6.93,CA,2022-11-29 03:36:55
513,killam,52.7834,-111.8518,-13.029999999999973,85,100,10.29,CA,2022-11-29 03:35:21
514,manicore,-5.8092,-61.3003,23.970000000000027,87,47,0.94,BR,2022-11-29 03:36:56
515,rocha,-34.4833,-54.3333,17.689999999999998,98,17,4.48,UY,2022-11-29 03:33:06
516,pesaro,43.9036,12.8903,8.930000000000007,89,100,1.34,IT,2022-11-29 03:36:56
517,sur,22.5667,59.5289,25.650000000000034,54,0,1.83,OM,2022-11-29 03:36:57
518,visby,57.6409,18.296,3.920000000000016,100,100,5.14,SE,2022-11-29 03:35:08
519,rundu,-17.9333,19.7667,19.460000000000036,58,5,1.74,NA,2022-11-29 03:36:57
520,teguise,29.0605,-13.564,18.120000000000005,73,20,6.69,ES,2022-11-29 03:36:58
521,murgab,37.4966,61.9714,7.930000000000007,87,75,0.0,TM,2022-11-29 03:36:58
522,esso,55.9333,158.7,-11.67999999999995,92,99,2.02,RU,2022-11-29 03:36:58
523,bacungan,9.9106,118.7022,32.03000000000003,66,40,4.12,PH,2022-11-29 03:36:59
524,black river,18.0264,-77.8487,24.410000000000025,86,14,1.63,JM,2022-11-29 03:36:59
525,hovd,48.0056,91.6419,-17.399999999999977,33,0,0.59,MN,2022-11-29 03:37:00
526,garowe,8.4054,48.4845,21.170000000000016,69,33,4.14,SO,2022-11-29 03:37:00
527,mokhsogollokh,61.4681,128.9203,-31.669999999999987,95,94,2.58,RU,2022-11-29 03:37:00
528,slave lake,55.2834,-114.769,-13.009999999999991,72,100,5.14,CA,2022-11-29 03:37:01
529,dunedin,-45.8742,170.5036,14.890000000000043,83,100,0.45,NZ,2022-11-29 03:34:22
530,ahuimanu,21.4447,-157.8378,24.52000000000004,85,75,2.06,US,2022-11-29 03:34:02
531,kanniyakumari,8.0833,77.5667,28.010000000000048,69,99,6.13,IN,2022-11-29 03:37:02
532,hastings,50.8552,0.5729,8.29000000000002,98,8,4.5,GB,2022-11-29 03:37:02
533,jishou,28.3167,109.7167,9.740000000000009,79,100,3.57,CN,2022-11-29 03:37:03
534,jutai,-5.1833,-68.9,22.25,98,83,1.16,BR,2022-11-29 03:37:03
535,ternate,0.8,127.4,29.28000000000003,72,84,4.58,ID,2022-11-29 03:37:04
536,santa isabel do rio negro,-0.4139,-65.0192,22.390000000000043,97,100,0.85,BR,2022-11-29 03:37:04
537,bulaevo,54.9056,70.4439,-17.169999999999987,80,100,3.39,KZ,2022-11-29 03:37:05
538,daru,-9.0763,143.2092,26.49000000000001,83,100,3.83,PG,2022-11-29 03:37:05
539,rust,48.2667,7.7333,9.560000000000002,92,100,0.0,DE,2022-11-29 03:37:05
540,owando,-0.4819,15.8999,20.57000000000005,98,90,0.23,CG,2022-11-29 03:37:06
541,sandila,27.0833,80.5167,21.439999999999998,50,0,0.73,IN,2022-11-29 03:37:06
542,neiba,18.5,-71.4167,22.350000000000023,81,9,0.94,DO,2022-11-29 03:37:07
543,aksu,41.1231,80.2644,-6.269999999999982,26,89,3.18,CN,2022-11-29 03:37:07
544,den helder,52.9599,4.7593,8.990000000000009,99,100,1.03,NL,2022-11-29 03:33:02
545,mosquera,4.7059,-74.2302,11.050000000000011,100,100,1.03,CO,2022-11-29 03:34:18
546,puck,54.7179,18.4084,2.140000000000043,85,31,6.53,PL,2022-11-29 03:37:08
547,sola,-13.8833,167.55,28.220000000000027,72,76,3.94,VU,2022-11-29 03:36:53
548,la asuncion,11.0333,-63.8628,29.850000000000023,74,100,4.63,VE,2022-11-29 03:37:09
549,chicama,-7.8447,-79.1469,19.30000000000001,83,99,1.17,PE,2022-11-29 03:37:09
550,urubicha,-15.3833,-62.95,23.879999999999995,40,2,0.24,BO,2022-11-29 03:37:09
551,sheffield,53.383,-1.4659,6.78000000000003,93,0,0.79,GB,2022-11-29 03:37:10
552,petropavlovsk-kamchatskiy,53.0452,158.6483,-1.669999999999959,43,20,8.0,RU,2022-11-29 03:37:10
553,udachnyy,66.4167,112.4,-34.069999999999965,100,98,1.42,RU,2022-11-29 03:37:11
554,haines junction,60.7522,-137.5108,-25.029999999999973,77,18,0.51,CA,2022-11-29 03:37:11
555,bonthe,7.5264,-12.505,24.710000000000036,84,79,2.16,SL,2022-11-29 03:37:12
556,nanchang,28.6833,115.8833,12.930000000000007,86,99,7.33,CN,2022-11-29 03:37:12
557,port-cartier,50.0334,-66.8654,-6.17999999999995,73,0,5.86,CA,2022-11-29 03:37:13
558,tallahassee,30.4383,-84.2807,16.110000000000014,92,0,0.0,US,2022-11-29 03:37:13
559,rockport,28.0206,-97.0544,22.27000000000004,90,100,1.34,US,2022-11-29 03:37:13
560,canutama,-6.5339,-64.3831,22.680000000000007,95,44,1.47,BR,2022-11-29 03:37:14
